Başlık,Link
Arçelik Bayide Çalışıyorum - Bana Sorun,https://forum.donanimhaber.com/arcelik-bayide-calisiyorum-bana-sorun--162199629
Yeni Aldığınız Veya Kullandığınız Buzdolabın Kompresör Marka Modelini Yazar mısınız?,https://forum.donanimhaber.com/yeni-aldiginiz-veya-kullandiginiz-buzdolabin-kompresorunu-yazsin--155962245
Samsung RT46K6000S8 Gövde Patlaması,https://forum.donanimhaber.com/samsung-rt46k6000s8-govde-patlamasi--161053136
Samsung sr-l629evs buzdolabı aylık 120kw tüketim sorunu,https://forum.donanimhaber.com/samsung-sr-l629evs-buzdolabi-aylik-120kw-tuketim-sorunu--162050402
Buzdolabı Karlanma Sorunu,https://forum.donanimhaber.com/buzdolabi-karlanma-sorunu--162404407
Samsung buzdolabı su damlatıyor !,https://forum.donanimhaber.com/samsung-buzdolabi-su-damlatiyor--110517425
Bosch Buzdolabı Ekran (Display) Arızası ve Çözümü,https://forum.donanimhaber.com/bosch-buzdolabi-ekran-display-arizasi-ve-cozumu--147761050
Buz Dolabı Alt Bölümü Soğutmuyor Buzdolabı alt katı soğutmuyor BuzDolabı su damlatıyo,https://forum.donanimhaber.com/buz-dolabi-alt-bolumu-sogutmuyor-buzdolabi-alt-kati-sogutmuyor-buzdolabi-su-damlatiyo--123691634
"Buzdolabı motoru bozuldu, motor mu taktırayım, yeni dolap mı alayım?",https://forum.donanimhaber.com/buzdolabi-motoru-bozuldu-motor-mu-taktirayim-yeni-dolap-mi-alayim--158478713
Buzdolabından gelen tıklama sesi,https://forum.donanimhaber.com/buzdolabindan-gelen-tiklama-sesi--160692441
"Arçelik 5220 nf fh buzdolabı buzluk soğutmuyor, alt soğutuyor",https://forum.donanimhaber.com/arcelik-5220-nf-fh-buzdolabi-buzluk-sogutmuyor-alt-sogutuyor--157719923
Buzdolabım Ses Yapıyor Gürültülü Çalışıyor Buzdolabı ?,https://forum.donanimhaber.com/buzdolabim-ses-yapiyor-gurultulu-calisiyor-buzdolabi--78397269
LG dondurucu kısmı soğutmuyor,https://forum.donanimhaber.com/lg-dondurucu-kismi-sogutmuyor--142564264
Buzdolabı ayağından yağ akıtıyo,https://forum.donanimhaber.com/buzdolabi-ayagindan-yag-akitiyo--159921578
"Dolabın Üst Kısmı Soğutuyor, Alt Kısmı Soğutmuyor- Yardım",https://forum.donanimhaber.com/dolabin-ust-kismi-sogutuyor-alt-kismi-sogutmuyor-yardim--158407164
Buzdolabı motoru hiç durmuyor?,https://forum.donanimhaber.com/buzdolabi-motoru-hic-durmuyor--149532130
Electrolux Buzdolabı elektrik kesintisi sonrası arıza (RESİMLİ),https://forum.donanimhaber.com/electrolux-buzdolabi-elektrik-kesintisi-sonrasi-ariza-resimli--98328869
Samsung twin colling buzdolabı dondurucu kısmında soğutma problemi,https://forum.donanimhaber.com/samsung-twin-colling-buzdolabi-dondurucu-kisminda-sogutma-problemi--158621468
SAMSUNG  RT59QMSW Damper termostadı arızası,https://forum.donanimhaber.com/samsung-rt59qmsw-damper-termostadi-arizasi--80273760
Altus buzdolabi digital ekran sorunu,https://forum.donanimhaber.com/altus-buzdolabi-digital-ekran-sorunu--158463490
sıfır SİEMENS KGN86Aİ42N ses problemi,https://forum.donanimhaber.com/sifir-siemens-kgn86ai42n-ses-problemi--145607579
Samsung nofrost buzdolabı su akıtıyor,https://forum.donanimhaber.com/samsung-nofrost-buzdolabi-su-akitiyor--158056444
Buzdolabım Altını Alt Bölmesini Soğutmuyor Neden Olabilir ?,https://forum.donanimhaber.com/buzdolabim-altini-alt-bolmesini-sogutmuyor-neden-olabilir--71862678
Buzdolabından gelen ses ve çalışmama,https://forum.donanimhaber.com/buzdolabindan-gelen-ses-ve-calismama--157490824
BOSCH KGN56XIEON yeni aldım çok iyi soğutmuyor,https://forum.donanimhaber.com/bosch-kgnxieon-yeni-aldim-cok-iyi-sogutmuyor--156299396
Grundig 5311 I Buzdolabı Ses Sorunu Kontrol İçin Yardım,https://forum.donanimhaber.com/grundig-5311-i-buzdolabi-ses-sorunu-kontrol-icin-yardim--157086056
"Samsung, ev aletlerinin garantisini 20 yıla uzattı: Peki gerçekte ne anlama geliyor?",https://forum.donanimhaber.com/samsung-ev-aletlerinin-garantisini-20-yila-uzatti-peki-gercekte-ne-anlama-geliyor--153901157
Arçelik 274532 Buzdolabı Ses Sorunu (Sıfır Ürün),https://forum.donanimhaber.com/arcelik-274532-buzdolabi-ses-sorunu-sifir-urun--157123783
buzdolabı kompresör girişteki sarı parca adı nedir ss,https://forum.donanimhaber.com/buzdolabi-kompresor-giristeki-sari-parca-adi-nedir-ss--157068057
buzdolabında sebze ve meyveler hızlı bozuluyor,https://forum.donanimhaber.com/buzdolabinda-sebze-ve-meyveler-hizli-bozuluyor--95787025
Arçelik VitaminZone modelde Mavi Işık Sorunsalı,https://forum.donanimhaber.com/arcelik-vitaminzone-modelde-mavi-isik-sorunsali--156917919
"Yeni aldığım Vestel Buzdolabı Sesli çalışıyor, normal dediler",https://forum.donanimhaber.com/yeni-aldigim-vestel-buzdolabi-sesli-calisiyor-normal-dediler--156812456
"Sharp SJ PT 69R / Üst soğutuyor, alt soğutmuyor. (Ustasız halledil(eme)di)",https://forum.donanimhaber.com/sharp-sj-pt-69r-ust-sogutuyor-alt-sogutmuyor--156664062
Arçelik 5094 nf buzdolabı kompresör çok çalışıyor,https://forum.donanimhaber.com/arcelik-5094-nf-buzdolabi-kompresor-cok-calisiyor--156576803
Buzdolabından Leş Kokusu Nasıl Çıkar,https://forum.donanimhaber.com/buzdolabindan-les-kokusu-nasil-cikar--156443342
LG buzdolabım iyi soğutmuyor ?,https://forum.donanimhaber.com/lg-buzdolabim-iyi-sogutmuyor--156191638
"Yanlış model buzdolabı geldi, garantisi başladı. İade almıyorlar?",https://forum.donanimhaber.com/yanlis-model-buzdolabi-geldi-garantisi-basladi-iade-almiyorlar--155838688
2007 model Beko buzdolabi tamir mi Yenisi mi,https://forum.donanimhaber.com/2007-model-beko-buzdolabi-tamir-mi-yenisi-mi--156061248
"Buzluk kısmı buz tutuyor, alt kısım soğutmuyor, motor alev alev",https://forum.donanimhaber.com/buzluk-kismi-buz-tutuyor-alt-kisim-sogutmuyor-motor-alev-alev--155932223
"Samsung, dev ekranlı buzdolabını tanıttı: Tüm servisler elinizin altında",https://forum.donanimhaber.com/samsung-dev-ekranli-buzdolabini-tanitti-tum-servisler-elinizin-altinda--154760094
Buz dolabı soğutucu bölmesi soğutmuyor ama derin dondurucu kısmı çalışıyor.,https://forum.donanimhaber.com/buz-dolabi-sogutucu-bolmesi-sogutmuyor-ama-derin-dondurucu-kismi-calisiyor--147163659
Buzdolabı Motor yanması,https://forum.donanimhaber.com/buzdolabi-motor-yanmasi--153421330
Buzdolabı Motoru Start Almıyor,https://forum.donanimhaber.com/buzdolabi-motoru-start-almiyor--153443882
Eski buzdolabı çok sesli çalışıyor,https://forum.donanimhaber.com/eski-buzdolabi-cok-sesli-calisiyor--153194477
2.El Buzdolabı alırken ses bakımından No Frost mu Statik mi?,https://forum.donanimhaber.com/2-el-buzdolabi-alirken-ses-bakimindan-no-frost-mu-statik-mi--153010271
Bosch buzdolabı fan sorunu?,https://forum.donanimhaber.com/bosch-buzdolabi-fan-sorunu--152910625
LG GN-M702HLHM Teknik Servis Maliyet Konusunda soru,https://forum.donanimhaber.com/lg-gn-m702hlhm-teknik-servis-maliyet-konusunda-soru--152924467
Arçelik 270480 MI Buzdolabı Ses Sorunu,https://forum.donanimhaber.com/arcelik-270480-mi-buzdolabi-ses-sorunu--139822332
Arçelik 5194 NY No-Frost Buzdolabı Alt Bölüm Soğutmuyor,https://forum.donanimhaber.com/arcelik-5194-ny-no-frost-buzdolabi-alt-bolum-sogutmuyor--118490374
0 buzdolabı kapı sorunu,https://forum.donanimhaber.com/0-buzdolabi-kapi-sorunu--150738146
BEKO 670560 ESC - Dolabın arkasından hilti gibi ses geliyor,https://forum.donanimhaber.com/beko-670560-esc-dolabin-arkasindan-hilti-gibi-ses-geliyor--151581468
Samsung Buzdolabı Sesli Çalışma,https://forum.donanimhaber.com/samsung-buzdolabi-sesli-calisma--150040359
Arçelik buzdolabı aşırı tüketim sorunu,https://forum.donanimhaber.com/arcelik-buzdolabi-asiri-tuketim-sorunu--150239595
"buzdolabı soğutmuyor, su akıtıyor",https://forum.donanimhaber.com/buzdolabi-sogutmuyor-su-akitiyor--149834693
Havalar Çok Sıcaklaşınca Dolap Soğutmuyor.,https://forum.donanimhaber.com/havalar-cok-sicaklasinca-dolap-sogutmuyor--149900582
Buzdolabı Lastik Değişimi (Yardım),https://forum.donanimhaber.com/buzdolabi-lastik-degisimi-yardim--91063453
buzdolabı niye böyle ses yapıyor,https://forum.donanimhaber.com/buzdolabi-niye-boyle-ses-yapiyor--86370055
Dayanıklı tüketim malları gerçekten dayanıklı,https://forum.donanimhaber.com/dayanikli-tuketim-mallari-gercekten-dayanikli--140832153
KG76NAI32N kod adındaki gösterişli ama sesli soğutucu.,https://forum.donanimhaber.com/kg76nai32n-kod-adindaki-gosterisli-ama-sesli-sogutucu--132271970
Bosch buzdolabı matkapla duvarı deliyormuşuz gibi ses çıkartıyor,https://forum.donanimhaber.com/bosch-buzdolabi-matkapla-duvari-deliyormusuz-gibi-ses-cikartiyor--146966584
Vestel buz dolabı sebze meyveyi bozuluyor.,https://forum.donanimhaber.com/vestel-buz-dolabi-sebze-meyveyi-bozuluyor--145417810
Buzdolabı için yer sorunu,https://forum.donanimhaber.com/buzdolabi-icin-yer-sorunu--146399256
ARİSTON NO FROST BUZDOLABI ALT TARAFI SOĞUTMUYOR....,https://forum.donanimhaber.com/ariston-no-frost-buzdolabi-alt-tarafi-sogutmuyor--57344593
Buzdolabının Elektrik Tüketiminin Birden Artması,https://forum.donanimhaber.com/buzdolabinin-elektrik-tuketiminin-birden-artmasi--145020020
Beko 684630EB Buzdolabı ses seviyesi,https://forum.donanimhaber.com/beko-684630eb-buzdolabi-ses-seviyesi--144846783
buzdolabı kapak kenarları ve köşelerde aşırı ısınma?,https://forum.donanimhaber.com/buzdolabi-kapak-kenarlari-ve-koselerde-asiri-isinma--144828406
siemens kg56nhb40n 1.hafta tam soğutmuyor.,https://forum.donanimhaber.com/siemens-kg56nhb40n-1-hafta-tam-sogutmuyor--143981478
çok acil yardım buzdolabım bozuldu..!!,https://forum.donanimhaber.com/cok-acil-yardim-buzdolabim-bozuldu--143486921
Arçelik Kapı Yönü Problemi,https://forum.donanimhaber.com/arcelik-kapi-yonu-problemi--143423746
İNTERNETTEN BEYAZ EŞYA ALINIR MI? GARANTİ / KURULUM,https://forum.donanimhaber.com/internetten-beyaz-esya-alinir-mi-garanti-kurulum--71552419
Kompresör arızası yardım.,https://forum.donanimhaber.com/kompresor-arizasi-yardim--143239520
bu dolabın sorunu ne (motor arızası)?,https://forum.donanimhaber.com/bu-dolabin-sorunu-ne-motor-arizasi--141479466
"buzdolabım izgaradan su akıtıyor, anlayan bakabilir mi?",https://forum.donanimhaber.com/buzdolabim-izgaradan-su-akitiyor-anlayan-bakabilir-mi--142818503
Uğur 7266 derin dondurucu SES PROBLEMİ,https://forum.donanimhaber.com/ugur-7266-derin-dondurucu-ses-problemi--140154861
Arçelik 2181 DY Derin Dondurucu - Arıza İçin Yardım Talebi,https://forum.donanimhaber.com/arcelik-2181-dy-derin-dondurucu-ariza-icin-yardim-talebi--142834639
BUZ KIRMA SESİ YAPMAYAN BUZDOLABI,https://forum.donanimhaber.com/buz-kirma-sesi-yapmayan-buzdolabi--57735536
Westfrost dolabın anakartı bozulmuş yenisini nereden temin edebilirim,https://forum.donanimhaber.com/westfrost-dolabin-anakarti-bozulmus-yenisini-nereden-temin-edebilirim--141789572
Nofrost Buzdolabı Kanal Buzlanması,https://forum.donanimhaber.com/nofrost-buzdolabi-kanal-buzlanmasi--141360488
Ani elektrik kesintisi sonrası bozulan buzdolabı kendi kendine çalıştı,https://forum.donanimhaber.com/ani-elektrik-kesintisi-sonrasi-bozulan-buzdolabi-kendi-kendine-calisti--121638256
Regal statik buzdolabı problemi ve değişim talebi,https://forum.donanimhaber.com/regal-statik-buzdolabi-problemi-ve-degisim-talebi--139362492
Kompresörü Bozulan Eski Dolabı Yaptırmak Mantıklı Mı?,https://forum.donanimhaber.com/kompresoru-bozulan-eski-dolabi-yaptirmak-mantikli-mi--139110751
Hotpoint Ariston Buzdolabı Pervane sürtme sesi,https://forum.donanimhaber.com/hotpoint-ariston-buzdolabi-pervane-surtme-sesi--138852201
Buzdolabından çıt sesi,https://forum.donanimhaber.com/buzdolabindan-cit-sesi--112200377
Arcelik 2630 CEİ 3.günde ızgaralarda karlanma var,https://forum.donanimhaber.com/arcelik-2630-cei-3-gunde-izgaralarda-karlanma-var--138396244
"Motor Değişti Ama İçerde kirli yağ kalıyormuş, sürekli tekrarlayan soğutmama sorunumuz var",https://forum.donanimhaber.com/motor-degisti-ama-icerde-kirli-yag-kaliyormus-surekli-tekrarlayan-sogutmama-sorunumuz-var--138466400
Bosch NoFrost Buzdolabı Dondurucu Karlanma ve Soğutucu soğutmama Sorunu,https://forum.donanimhaber.com/bosch-nofrost-buzdolabi-dondurucu-karlanma-ve-sogutucu-sogutmama-sorunu--136716356
Mağazadan Alınan Sharp SJ-EX820F-SL A++ 605 lt No-Frost Buzdolabı İlk Kurulumda Arızalı çıktı,https://forum.donanimhaber.com/magazadan-alinan-sharp-sj-ex820f-sl-a-605-lt-no-frost-buzdolabi-ilk-kurulumda-arizali-cikti--138181404
vestel teknik servis basiretsizliği,https://forum.donanimhaber.com/vestel-teknik-servis-basiretsizligi--137307004
Buzdolabı iç fanı çalışırken dolabın kapağını açınca fan duruyormu?,https://forum.donanimhaber.com/buzdolabi-ic-fani-calisirken-dolabin-kapagini-acinca-fan-duruyormu--119341606
Arçelik Buzdolabından Gelen Çıt Çıt Sesi | Arçelik Ürünleri Genel Değerlendirme [ 6 YIL ],https://forum.donanimhaber.com/arcelik-buzdolabindan-gelen-cit-cit-sesi-arcelik-urunleri-genel-degerlendirme-6-yil--134177552
Bosch Buzdolabından Gelen Ses ve Çözümü,https://forum.donanimhaber.com/bosch-buzdolabindan-gelen-ses-ve-cozumu--136171655
LG de sessiz buzdolabı arıyorum ?,https://forum.donanimhaber.com/lg-de-sessiz-buzdolabi-ariyorum--106566681
Vestel NFK540 E A++ Sıfır Dolap Soğutma Sorunu,https://forum.donanimhaber.com/vestel-nfk540-e-a-sifir-dolap-sogutma-sorunu--136025046
BUZDOLABI ALTI ÜSTÜ SOĞUTMUYOR YARDIM !!!,https://forum.donanimhaber.com/buzdolabi-alti-ustu-sogutmuyor-yardim--136043875
Bosch buzdolabı 5 yılda bozuldu,https://forum.donanimhaber.com/bosch-buzdolabi-5-yilda-bozuldu--135029975
Beko NFD 7281 Derin Dondurucu Uyarı Sorunu,https://forum.donanimhaber.com/beko-nfd-7281-derin-dondurucu-uyari-sorunu--135042431
Bosch KGN86AI42N Buzdolabı motor çalışırken tık tık ses gelmesi,https://forum.donanimhaber.com/bosch-kgn86ai42n-buzdolabi-motor-calisirken-tik-tik-ses-gelmesi--135055090
Buzdolabında ilginç bir sorun,https://forum.donanimhaber.com/buzdolabinda-ilginc-bir-sorun--134122566
Buz dolabı içi kötü koku,https://forum.donanimhaber.com/buz-dolabi-ici-kotu-koku--134564733
LG buzdolabı ve ek garanti sorunu,https://forum.donanimhaber.com/lg-buzdolabi-ve-ek-garanti-sorunu--133752762
hotpoint 96499-uhf 7522   7 cekmeceli nofrost derin dondurucu karlanma,https://forum.donanimhaber.com/hotpoint-96499-uhf-7522-7-cekmeceli-nofrost-derin-dondurucu-karlanma--133974634
Samsung Twin Cooling sorunu,https://forum.donanimhaber.com/samsung-twin-cooling-sorunu--133066005
"Samsung no-frost buzdolabı iyi soğutmuyor, derece düşmüyor",https://forum.donanimhaber.com/samsung-no-frost-buzdolabi-iyi-sogutmuyor-derece-dusmuyor--132664620
sharp buzdolabı ses problemi,https://forum.donanimhaber.com/sharp-buzdolabi-ses-problemi--132263229
Samsung RT62K7060SL/TR No-Frost 631 Lt A+ (Termometre Sorunu),https://forum.donanimhaber.com/samsung-rt62k7060sl-tr-no-frost-631-lt-a-termometre-sorunu--131344442
Resmi Bosch Yetkili Servisi yan sanayi takabilir mi?  (Buzdolabı),https://forum.donanimhaber.com/resmi-bosch-yetkili-servisi-yan-sanayi-takabilir-mi-buzdolabi--131283870
Lg Buzdolabı sesi normal mi ?,https://forum.donanimhaber.com/lg-buzdolabi-sesi-normal-mi--130564748
Siemensin KG58EBI44N - Bozulan Yiyecekler,https://forum.donanimhaber.com/siemensin-kg58ebi44n-bozulan-yiyecekler--130668913
Üfleme yapmayan Arçelik no-frost sorunu?,https://forum.donanimhaber.com/ufleme-yapmayan-arcelik-no-frost-sorunu--130125887
Vestel buzdolabı koku yaptı,https://forum.donanimhaber.com/vestel-buzdolabi-koku-yapti--129294911
vestel nt540 buzdolabı saat kısmında C0:01 yazıyor soğutmuyor,https://forum.donanimhaber.com/vestel-nt540-buzdolabi-saat-kisminda-c0-01-yaziyor-sogutmuyor--124737064
VESTEL Buz Dolabı Soğutmuyor,https://forum.donanimhaber.com/vestel-buz-dolabi-sogutmuyor--62489100
indesit derin dondurucu kullananlar ? ufan400,https://forum.donanimhaber.com/indesit-derin-dondurucu-kullananlar-ufan400--62994941
Electrolux ENA 34933 X Buzdolabı Sıcaklık Alarmı Sorunu,https://forum.donanimhaber.com/electrolux-ena-34933-x-buzdolabi-sicaklik-alarmi-sorunu--97258770
Regal Aldım Ama Buzdolapları Patlayıp Evleri Yakmış,https://forum.donanimhaber.com/regal-aldim-ama-buzdolaplari-patlayip-evleri-yakmis--127699367
Siemens Buzdolabı Sorunu,https://forum.donanimhaber.com/siemens-buzdolabi-sorunu--125724070
bosh buzdolabı soğutma problemi ve şişkinlik,https://forum.donanimhaber.com/bosh-buzdolabi-sogutma-problemi-ve-siskinlik--123655603
profilo bd3058w3vv zor soğutma problemi,https://forum.donanimhaber.com/profilo-bd3058w3vv-zor-sogutma-problemi--119516494
"LG’den sesle kontrol edilebilen, LCD ekranlı buzdolabı: Smart InstaView",https://forum.donanimhaber.com/lg-den-sesle-kontrol-edilebilen-lcd-ekranli-buzdolabi-smart-instaview--123075638
Arçelik 8180 nf sorunu,https://forum.donanimhaber.com/arcelik-8180-nf-sorunu--122671623
